# prefecture	city	latitude	longitude
北海道	札幌市	43.052385	141.364933
北海道	函館市	41.768793	140.728810
北海道	小樽市	43.190717	140.994662
北海道	旭川市	43.770636	142.364819
北海道	室蘭市	42.315231	140.973799
北海道	釧路市	42.984854	144.381356
北海道	帯広市	42.923899	143.196103
北海道	北見市	43.804031	143.895876
北海道	夕張市	43.056734	141.973896
北海道	岩見沢市	43.196206	141.775933
北海道	網走市	44.020632	144.273398
北海道	留萌市	43.940987	141.637012
北海道	苫小牧市	42.634302	141.605372
北海道	稚内市	45.415664	141.673082
北海道	美唄市	43.332881	141.853785
北海道	芦別市	43.518166	142.189436
北海道	江別市	43.103745	141.536247
北海道	赤平市	43.558074	142.044211
北海道	紋別市	44.356484	143.354503
北海道	士別市	44.178734	142.400404
北海道	名寄市	44.355938	142.463167
北海道	三笠市	43.245435	141.875327
北海道	根室市	43.330076	145.582790
北海道	千歳市	42.820958	141.650876
北海道	滝川市	43.557795	141.910190
北海道	砂川市	43.494843	141.903465
北海道	歌志内市	43.521353	142.034568
北海道	深川市	43.723260	142.053538
北海道	富良野市	43.342140	142.383225
北海道	登別市	42.412760	141.106632
北海道	恵庭市	42.882562	141.577815
北海道	伊達市	42.471851	140.864679
北海道	北広島市	42.985630	141.563543
北海道	石狩市	43.171384	141.315520
北海道	北斗市	41.824060	140.652903
青森県	青森市	40.822072	140.747365
青森県	弘前市	40.603124	140.463922
青森県	八戸市	40.512284	141.488399
青森県	黒石市	40.642632	140.594645
青森県	五所川原市	40.808002	140.440090
青森県	十和田市	40.612703	141.205908
青森県	三沢市	40.683134	141.368976
青森県	むつ市	41.292746	141.183476
青森県	つがる市	40.808639	140.380059
青森県	平川市	40.584011	140.566478
岩手県	盛岡市	39.702053	141.154484
岩手県	宮古市	39.641420	141.957140
岩手県	大船渡市	39.081901	141.708530
岩手県	花巻市	39.388578	141.116645
岩手県	北上市	39.286765	141.113191
岩手県	久慈市	40.190524	141.775583
岩手県	遠野市	39.327838	141.533303
岩手県	一関市	38.934682	141.126800
岩手県	陸前高田市	39.027661	141.625495
岩手県	釜石市	39.275818	141.885677
岩手県	二戸市	40.271213	141.304817
岩手県	八幡平市	39.956477	141.071292
岩手県	奥州市	39.144529	141.139141
岩手県	滝沢市	39.734684	141.077095
宮城県	仙台市	38.266032	140.887951
宮城県	石巻市	38.434480	141.302917
宮城県	塩竈市	38.314362	141.022027
宮城県	気仙沼市	38.908078	141.569992
宮城県	白石市	38.002478	140.619860
宮城県	名取市	38.171520	140.891913
宮城県	角田市	37.977063	140.781990
宮城県	多賀城市	38.293839	141.004225
宮城県	岩沼市	38.104292	140.870138
宮城県	登米市	38.691923	141.187579
宮城県	栗原市	38.730128	141.021333
宮城県	東松島市	38.426168	141.210242
宮城県	大崎市	38.577071	140.955350
秋田県	秋田市	39.720008	140.102564
秋田県	能代市	40.212151	140.026624
秋田県	横手市	39.313782	140.566649
秋田県	大館市	40.271405	140.564285
秋田県	男鹿市	39.886818	139.847558
秋田県	湯沢市	39.164304	140.495663
秋田県	鹿角市	40.215778	140.788436
秋田県	由利本荘市	39.385877	140.048791
秋田県	潟上市	39.857288	140.013054
秋田県	大仙市	39.453088	140.475448
秋田県	北秋田市	40.226054	140.370742
秋田県	にかほ市	39.203012	139.907713
秋田県	仙北市	39.700069	140.730588
山形県	山形市	38.255439	140.339602
山形県	米沢市	37.922240	140.116781
山形県	鶴岡市	38.727197	139.826731
山形県	酒田市	38.914433	139.836515
山形県	新庄市	38.765015	140.301608
山形県	寒河江市	38.380964	140.275967
山形県	上山市	38.149562	140.267827
山形県	村山市	38.483344	140.380372
山形県	長井市	38.107494	140.040524
山形県	天童市	38.362265	140.377886
山形県	東根市	38.431354	140.391090
山形県	尾花沢市	38.600622	140.405691
山形県	南陽市	38.055141	140.148375
福島県	福島市	37.760834	140.474728
福島県	会津若松市	37.494761	139.929810
福島県	郡山市	37.400529	140.359742
福島県	いわき市	37.050420	140.887682
福島県	白河市	37.126362	140.210943
福島県	須賀川市	37.292893	140.356975
福島県	喜多方市	37.651355	139.874609
福島県	相馬市	37.796624	140.919470
福島県	二本松市	37.584858	140.431129
福島県	田村市	37.440550	140.576422
福島県	南相馬市	37.642161	140.957276
福島県	伊達市	37.819138	140.562908
福島県	本宮市	37.513131	140.393890
茨城県	水戸市	36.366503	140.470996
茨城県	日立市	36.599154	140.651469
茨城県	土浦市	36.078297	140.204333
茨城県	古河市	36.184645	139.702525
茨城県	石岡市	36.190048	140.287556
茨城県	結城市	36.305417	139.876641
茨城県	龍ヶ崎市	35.911594	140.182264
茨城県	下妻市	36.184514	139.967374
茨城県	常総市	36.023494	139.993617
茨城県	常陸太田市	36.538275	140.530950
茨城県	高萩市	36.719147	140.716688
茨城県	北茨城市	36.801911	140.750979
茨城県	笠間市	36.345300	140.304354
茨城県	取手市	35.911442	140.050468
茨城県	牛久市	35.979375	140.149524
茨城県	つくば市	36.083486	140.076642
茨城県	ひたちなか市	36.396615	140.534676
茨城県	鹿嶋市	35.965756	140.644813
茨城県	潮来市	35.947123	140.555372
茨城県	守谷市	35.951421	139.975391
茨城県	常陸大宮市	36.542577	140.410890
茨城県	那珂市	36.457469	140.486854
茨城県	筑西市	36.307053	139.983123
茨城県	坂東市	36.048738	139.888320
茨城県	稲敷市	35.956492	140.323908
茨城県	かすみがうら市	36.094529	140.330691
茨城県	桜川市	36.327250	140.090433
茨城県	神栖市	35.889966	140.664513
茨城県	行方市	35.990416	140.489025
茨城県	鉾田市	36.158640	140.516461
茨城県	つくばみらい市	35.963024	140.037020
茨城県	小美玉市	36.239345	140.352576
栃木県	宇都宮市	36.555112	139.882807
栃木県	足利市	36.340151	139.449698
栃木県	栃木市	36.382380	139.734081
栃木県	佐野市	36.308578	139.593118
栃木県	鹿沼市	36.567111	139.745013
栃木県	日光市	36.719903	139.698216
栃木県	小山市	36.314671	139.800131
栃木県	真岡市	36.440419	140.013442
栃木県	大田原市	36.871484	140.017419
栃木県	矢板市	36.806686	139.924054
栃木県	那須塩原市	36.961698	140.046066
栃木県	さくら市	36.685301	139.966452
栃木県	那須烏山市	36.656893	140.151426
栃木県	下野市	36.387195	139.841967
群馬県	前橋市	36.389482	139.063428
群馬県	高崎市	36.321909	139.003294
群馬県	桐生市	36.405491	139.330688
群馬県	伊勢崎市	36.311364	139.196770
群馬県	太田市	36.291122	139.375471
群馬県	沼田市	36.646077	139.044161
群馬県	館林市	36.244849	139.541968
群馬県	渋川市	36.489471	139.000448
群馬県	藤岡市	36.258477	139.074439
群馬県	富岡市	36.259896	138.889932
群馬県	安中市	36.326368	138.887324
群馬県	みどり市	36.394838	139.281135
埼玉県	さいたま市	35.896661	139.638850
埼玉県	川越市	35.925101	139.485793
埼玉県	熊谷市	36.147310	139.388645
埼玉県	川口市	35.807738	139.724171
埼玉県	行田市	36.138949	139.455643
埼玉県	秩父市	35.992055	139.084817
埼玉県	所沢市	35.799672	139.468610
埼玉県	飯能市	35.855731	139.327734
埼玉県	加須市	36.131438	139.601719
埼玉県	本庄市	36.243568	139.190393
埼玉県	東松山市	36.042126	139.399959
埼玉県	春日部市	35.975198	139.752301
埼玉県	狭山市	35.852942	139.412213
埼玉県	羽生市	36.172626	139.548465
埼玉県	鴻巣市	36.065758	139.522169
埼玉県	深谷市	36.197444	139.281464
埼玉県	上尾市	35.977381	139.593206
埼玉県	草加市	35.825355	139.805402
埼玉県	越谷市	35.891084	139.790938
埼玉県	蕨市	35.825634	139.679708
埼玉県	戸田市	35.817616	139.677892
埼玉県	入間市	35.835766	139.391058
埼玉県	朝霞市	35.797252	139.593916
埼玉県	志木市	35.836750	139.580319
埼玉県	和光市	35.781208	139.605793
埼玉県	新座市	35.793511	139.565369
埼玉県	桶川市	36.005779	139.542531
埼玉県	久喜市	36.061995	139.666838
埼玉県	北本市	36.026768	139.530211
埼玉県	八潮市	35.822536	139.839175
埼玉県	富士見市	35.856759	139.549074
埼玉県	三郷市	35.830149	139.872275
埼玉県	蓮田市	35.994307	139.662106
埼玉県	坂戸市	35.957170	139.402905
埼玉県	幸手市	36.078072	139.725861
埼玉県	鶴ヶ島市	35.934515	139.393098
埼玉県	日高市	35.907796	139.339026
埼玉県	吉川市	35.891152	139.841375
埼玉県	ふじみ野市	35.879538	139.519764
埼玉県	白岡市	36.019026	139.676925
千葉県	千葉市	35.623842	140.115959
千葉県	銚子市	35.734681	140.826641
千葉県	市川市	35.721912	139.931010
千葉県	船橋市	35.694706	139.982618
千葉県	館山市	34.996506	139.869965
千葉県	木更津市	35.381227	139.924860
千葉県	松戸市	35.787649	139.903093
千葉県	野田市	35.955192	139.874764
千葉県	茂原市	35.428544	140.288027
千葉県	成田市	35.776608	140.318781
千葉県	佐倉市	35.723486	140.223964
千葉県	東金市	35.559944	140.366092
千葉県	旭市	35.720434	140.646469
千葉県	習志野市	35.683035	140.024365
千葉県	柏市	35.867612	139.975850
千葉県	勝浦市	35.152283	140.320932
千葉県	市原市	35.497838	140.115665
千葉県	流山市	35.856310	139.902660
千葉県	八千代市	35.722468	140.099772
千葉県	我孫子市	35.864123	140.028225
千葉県	鴨川市	35.113987	140.098711
千葉県	鎌ケ谷市	35.776750	140.000790
千葉県	君津市	35.330450	139.902677
千葉県	富津市	35.304120	139.857105
千葉県	浦安市	35.653984	139.902203
千葉県	四街道市	35.669816	140.167925
千葉県	袖ケ浦市	35.429808	139.954430
千葉県	八街市	35.665917	140.317952
千葉県	印西市	35.832348	140.145815
千葉県	白井市	35.791500	140.056372
千葉県	富里市	35.726808	140.343058
千葉県	南房総市	35.042991	139.840128
千葉県	匝瑳市	35.707917	140.564281
千葉県	香取市	35.897735	140.499268
千葉県	山武市	35.602964	140.413506
千葉県	いすみ市	35.253889	140.385051
千葉県	大網白里市	35.521708	140.320960
東京都	千代田区	35.694003	139.753595
東京都	中央区	35.670651	139.771861
東京都	港区	35.658068	139.751599
東京都	新宿区	35.693840	139.703549
東京都	文京区	35.708068	139.752167
東京都	台東区	35.712607	139.779996
東京都	墨田区	35.710722	139.801497
東京都	江東区	35.672854	139.817410
東京都	品川区	35.609226	139.730186
東京都	目黒区	35.641463	139.698171
東京都	大田区	35.561257	139.716051
東京都	世田谷区	35.646572	139.653247
東京都	渋谷区	35.661777	139.704051
東京都	中野区	35.707399	139.663835
東京都	杉並区	35.699566	139.636438
東京都	豊島区	35.726118	139.716605
東京都	北区	35.752804	139.733481
東京都	荒川区	35.736080	139.783369
東京都	板橋区	35.751165	139.709244
東京都	練馬区	35.735623	139.651658
東京都	足立区	35.775664	139.804479
東京都	葛飾区	35.743575	139.847180
東京都	江戸川区	35.706657	139.868427
東京都	八王子市	35.666339	139.315806
東京都	立川市	35.714014	139.407843
東京都	武蔵野市	35.717784	139.566260
東京都	三鷹市	35.683513	139.559584
東京都	青梅市	35.787996	139.275830
東京都	府中市	35.668974	139.477661
東京都	昭島市	35.705755	139.353548
東京都	調布市	35.650615	139.540694
東京都	町田市	35.546631	139.438619
東京都	小金井市	35.699473	139.502992
東京都	小平市	35.728577	139.477456
東京都	日野市	35.671337	139.394926
東京都	東村山市	35.754597	139.468489
東京都	国分寺市	35.710335	139.463191
東京都	国立市	35.683885	139.441380
東京都	福生市	35.738451	139.326932
東京都	狛江市	35.634912	139.578733
東京都	東大和市	35.745369	139.426593
東京都	清瀬市	35.785753	139.526430
東京都	東久留米市	35.758048	139.529739
東京都	武蔵村山市	35.754861	139.387399
東京都	多摩市	35.637004	139.446307
東京都	稲城市	35.637924	139.504567
東京都	羽村市	35.767222	139.310944
東京都	あきる野市	35.728920	139.294119
東京都	西東京市	35.725496	139.538156
神奈川県	横浜市	35.453767	139.583800
神奈川県	川崎市	35.580315	139.614373
神奈川県	相模原市	35.565777	139.380384
神奈川県	横須賀市	35.281341	139.672201
神奈川県	平塚市	35.335110	139.349476
神奈川県	鎌倉市	35.319225	139.546687
神奈川県	藤沢市	35.339170	139.490036
神奈川県	小田原市	35.264564	139.152154
神奈川県	茅ヶ崎市	35.333860	139.404716
神奈川県	逗子市	35.295606	139.580423
神奈川県	三浦市	35.144171	139.620770
神奈川県	秦野市	35.374736	139.219943
神奈川県	厚木市	35.443082	139.362489
神奈川県	大和市	35.487512	139.457950
神奈川県	伊勢原市	35.402969	139.314973
神奈川県	海老名市	35.446446	139.390803
神奈川県	座間市	35.488587	139.407673
神奈川県	南足柄市	35.320715	139.099600
神奈川県	綾瀬市	35.437175	139.426148
新潟県	新潟市	37.851763	139.054559
新潟県	長岡市	37.446265	138.851277
新潟県	三条市	37.636768	138.961689
新潟県	柏崎市	37.371900	138.558984
新潟県	新発田市	37.950886	139.327892
新潟県	小千谷市	37.314339	138.795100
新潟県	加茂市	37.666275	139.040198
新潟県	十日町市	37.127582	138.755708
新潟県	見附市	37.531604	138.912825
新潟県	村上市	38.223979	139.480021
新潟県	燕市	37.673152	138.882230
新潟県	糸魚川市	37.039028	137.862652
新潟県	妙高市	37.025196	138.253473
新潟県	五泉市	37.744536	139.182568
新潟県	上越市	37.147848	138.236080
新潟県	阿賀野市	37.834501	139.225983
新潟県	佐渡市	38.018353	138.368082
新潟県	魚沼市	37.244124	138.924361
新潟県	南魚沼市	37.161428	138.925448
新潟県	胎内市	38.059711	139.410342
富山県	富山市	36.695952	137.213677
富山県	高岡市	36.754096	137.025728
富山県	魚津市	36.827367	137.409215
富山県	氷見市	36.855981	136.972849
富山県	滑川市	36.764378	137.341191
富山県	黒部市	36.871508	137.448030
富山県	砺波市	36.647534	136.962009
富山県	小矢部市	36.675575	136.868622
富山県	南砺市	36.557513	136.875336
富山県	射水市	36.782455	137.079614
石川県	金沢市	36.561325	136.656205
石川県	七尾市	37.043102	136.967518
石川県	小松市	36.408351	136.445571
石川県	輪島市	37.390590	136.899196
石川県	珠洲市	37.436347	137.260436
石川県	加賀市	36.302624	136.314627
石川県	羽咋市	36.893599	136.778996
石川県	かほく市	36.719826	136.706727
石川県	白山市	36.514427	136.565892
石川県	能美市	36.446941	136.554242
石川県	野々市市	36.519704	136.609971
福井県	福井市	36.064067	136.219494
福井県	敦賀市	35.645244	136.055441
福井県	小浜市	35.495593	135.746644
福井県	大野市	35.979814	136.487564
福井県	勝山市	36.060945	136.500584
福井県	鯖江市	35.956553	136.184474
福井県	あわら市	36.211353	136.229025
福井県	越前市	35.903499	136.168780
福井県	坂井市	36.166925	136.231457
山梨県	甲府市	35.662280	138.568202
山梨県	富士吉田市	35.487497	138.807854
山梨県	都留市	35.551680	138.905473
山梨県	山梨市	35.693394	138.686914
山梨県	大月市	35.610485	138.940028
山梨県	韮崎市	35.708897	138.446127
山梨県	南アルプス市	35.608328	138.464966
山梨県	北杜市	35.776530	138.423781
山梨県	甲斐市	35.686259	138.487257
山梨県	笛吹市	35.647360	138.639786
山梨県	上野原市	35.630259	139.108599
山梨県	甲州市	35.704316	138.729404
山梨県	中央市	35.599629	138.517272
長野県	長野市	36.648550	138.194243
長野県	松本市	36.238038	137.972034
長野県	上田市	36.401912	138.248889
長野県	岡谷市	36.067012	138.049326
長野県	飯田市	35.514978	137.821447
長野県	諏訪市	36.039142	138.114182
長野県	須坂市	36.651097	138.307192
長野県	小諸市	36.327419	138.425880
長野県	伊那市	35.827481	137.954080
長野県	駒ヶ根市	35.728814	137.933782
長野県	中野市	36.742044	138.369450
長野県	大町市	36.503018	137.851094
長野県	飯山市	36.851745	138.365495
長野県	茅野市	35.995571	138.158893
長野県	塩尻市	36.114972	137.953449
長野県	佐久市	36.248868	138.476831
長野県	千曲市	36.533897	138.120108
長野県	東御市	36.359477	138.330247
長野県	安曇野市	36.303951	137.905801
岐阜県	岐阜市	35.423298	136.760654
岐阜県	大垣市	35.359384	136.612750
岐阜県	高山市	36.146124	137.252173
岐阜県	多治見市	35.332800	137.132077
岐阜県	関市	35.495738	136.917842
岐阜県	中津川市	35.487548	137.500509
岐阜県	美濃市	35.544770	136.907540
岐阜県	瑞浪市	35.361712	137.254587
岐阜県	羽島市	35.319910	136.703349
岐阜県	恵那市	35.449314	137.412808
岐阜県	美濃加茂市	35.440242	137.015664
岐阜県	土岐市	35.352500	137.183202
岐阜県	各務原市	35.398869	136.848264
岐阜県	可児市	35.426121	137.061011
岐阜県	山県市	35.506109	136.781372
岐阜県	瑞穂市	35.404094	136.649774
岐阜県	飛騨市	36.238124	137.186317
岐阜県	本巣市	35.483047	136.678766
岐阜県	郡上市	35.748577	136.964354
岐阜県	下呂市	35.805882	137.244100
岐阜県	海津市	35.220492	136.636662
静岡県	静岡市	34.983924	138.425603
静岡県	浜松市	34.754925	137.738935
静岡県	沼津市	35.095584	138.863493
静岡県	熱海市	35.096276	139.071705
静岡県	三島市	35.118402	138.918513
静岡県	富士宮市	35.222054	138.621643
静岡県	伊東市	34.965671	139.101936
静岡県	島田市	34.836364	138.175997
静岡県	富士市	35.161399	138.676273
静岡県	磐田市	34.717904	137.851513
静岡県	焼津市	34.866920	138.323189
静岡県	掛川市	34.768767	137.998168
静岡県	藤枝市	34.867367	138.257458
静岡県	御殿場市	35.308584	138.934506
静岡県	袋井市	34.750174	137.924679
静岡県	下田市	34.679533	138.945316
静岡県	裾野市	35.173883	138.906729
静岡県	湖西市	34.718466	137.531626
静岡県	伊豆市	34.976586	138.946704
静岡県	御前崎市	34.637987	138.128127
静岡県	菊川市	34.757746	138.084582
静岡県	伊豆の国市	35.027735	138.928921
静岡県	牧之原市	34.740043	138.224652
愛知県	名古屋市	35.149620	136.926371
愛知県	豊橋市	34.769200	137.391466
愛知県	岡崎市	34.954379	137.174329
愛知県	一宮市	35.303890	136.802933
愛知県	瀬戸市	35.223614	137.084171
愛知県	半田市	34.891718	136.937961
愛知県	春日井市	35.247611	136.972224
愛知県	豊川市	34.826851	137.375542
愛知県	津島市	35.177029	136.741214
愛知県	碧南市	34.884804	136.993375
愛知県	刈谷市	34.989225	137.002107
愛知県	豊田市	35.082395	137.156249
愛知県	安城市	34.958641	137.080297
愛知県	西尾市	34.861937	137.061850
愛知県	蒲郡市	34.826500	137.219516
愛知県	犬山市	35.378607	136.944564
愛知県	常滑市	34.886700	136.832397
愛知県	江南市	35.332011	136.870617
愛知県	小牧市	35.290310	136.910952
愛知県	稲沢市	35.248132	136.780202
愛知県	新城市	34.899229	137.498476
愛知県	東海市	35.022843	136.902530
愛知県	大府市	35.011657	136.963835
愛知県	知多市	34.996533	136.864755
愛知県	知立市	35.001272	137.050749
愛知県	尾張旭市	35.216513	137.035396
愛知県	高浜市	34.927643	136.987677
愛知県	岩倉市	35.279503	136.871431
愛知県	豊明市	35.053688	137.012997
愛知県	日進市	35.132015	137.039412
愛知県	田原市	34.668806	137.264203
愛知県	愛西市	35.153141	136.728100
愛知県	清須市	35.203381	136.865521
愛知県	北名古屋市	35.245668	136.866008
愛知県	弥富市	35.110018	136.724739
愛知県	みよし市	35.089410	137.074854
愛知県	あま市	35.170304	136.800830
愛知県	長久手市	35.184126	137.048762
三重県	津市	34.718596	136.505698
三重県	四日市市	34.965157	136.624485
三重県	伊勢市	34.487514	136.709336
三重県	松阪市	34.577993	136.527593
三重県	桑名市	35.062216	136.683803
三重県	鈴鹿市	34.881880	136.584209
三重県	名張市	34.627659	136.108296
三重県	尾鷲市	34.070799	136.190995
三重県	亀山市	34.855755	136.451645
三重県	鳥羽市	34.481435	136.843362
三重県	熊野市	33.888604	136.100237
三重県	いなべ市	35.115701	136.561471
三重県	志摩市	34.328160	136.829691
三重県	伊賀市	34.768595	136.129910
滋賀県	大津市	35.017893	135.854607
滋賀県	彦根市	35.274461	136.259623
滋賀県	長浜市	35.380815	136.278722
滋賀県	近江八幡市	35.128339	136.097907
滋賀県	草津市	35.013134	135.959936
滋賀県	守山市	35.058940	135.994404
滋賀県	栗東市	35.021617	135.997996
滋賀県	甲賀市	34.966139	136.167092
滋賀県	野洲市	35.067454	136.025850
滋賀県	湖南市	35.004150	136.084679
滋賀県	高島市	35.353071	136.035830
滋賀県	東近江市	35.112456	136.207765
滋賀県	米原市	35.361585	136.370192
京都府	京都市	34.999513	135.754851
京都府	福知山市	35.296700	135.126563
京都府	舞鶴市	35.474797	135.385992
京都府	綾部市	35.298916	135.258812
京都府	宇治市	34.884461	135.799854
京都府	宮津市	35.535577	135.195567
京都府	亀岡市	35.013408	135.573609
京都府	城陽市	34.853008	135.779974
京都府	向日市	34.948736	135.698288
京都府	長岡京市	34.926771	135.695785
京都府	八幡市	34.875555	135.707621
京都府	京田辺市	34.814459	135.767695
京都府	京丹後市	35.624166	135.061000
京都府	南丹市	35.107374	135.470260
京都府	木津川市	34.737162	135.820117
大阪府	大阪市	34.671937	135.508010
大阪府	堺市	34.537887	135.507126
大阪府	岸和田市	34.460634	135.370829
大阪府	豊中市	34.781266	135.469739
大阪府	池田市	34.821705	135.428444
大阪府	吹田市	34.759453	135.516860
大阪府	泉大津市	34.504279	135.410464
大阪府	高槻市	34.846159	135.617272
大阪府	貝塚市	34.437584	135.358517
大阪府	守口市	34.737695	135.563904
大阪府	枚方市	34.814340	135.650658
大阪府	茨木市	34.816338	135.568505
大阪府	八尾市	34.626864	135.600978
大阪府	泉佐野市	34.406848	135.327337
大阪府	富田林市	34.499527	135.597128
大阪府	寝屋川市	34.766093	135.628100
大阪府	河内長野市	34.458084	135.564226
大阪府	松原市	34.577879	135.551850
大阪府	大東市	34.712015	135.623659
大阪府	和泉市	34.483527	135.423557
大阪府	箕面市	34.826930	135.470463
大阪府	柏原市	34.579305	135.628642
大阪府	羽曳野市	34.558035	135.606212
大阪府	門真市	34.739542	135.586890
大阪府	摂津市	34.777356	135.561817
大阪府	高石市	34.520717	135.442452
大阪府	藤井寺市	34.574277	135.597474
大阪府	東大阪市	34.679330	135.601012
大阪府	泉南市	34.366005	135.273339
大阪府	四條畷市	34.739941	135.639533
大阪府	交野市	34.787944	135.679953
大阪府	大阪狭山市	34.503795	135.555693
大阪府	阪南市	34.359583	135.239670
兵庫県	神戸市	34.685926	135.148421
兵庫県	姫路市	34.815149	134.685353
兵庫県	尼崎市	34.733734	135.406376
兵庫県	明石市	34.643107	134.997179
兵庫県	西宮市	34.737597	135.341564
兵庫県	洲本市	34.342426	134.895620
兵庫県	芦屋市	34.726950	135.304162
兵庫県	伊丹市	34.784306	135.400947
兵庫県	相生市	34.803601	134.468066
兵庫県	豊岡市	35.544575	134.820181
兵庫県	加古川市	34.756950	134.841177
兵庫県	赤穂市	34.754956	134.390284
兵庫県	西脇市	34.993355	134.969189
兵庫県	宝塚市	34.799767	135.360073
兵庫県	三木市	34.796944	134.990197
兵庫県	高砂市	34.766201	134.790442
兵庫県	川西市	34.830135	135.417278
兵庫県	小野市	34.853193	134.931376
兵庫県	三田市	34.889996	135.225453
兵庫県	加西市	34.927936	134.841622
兵庫県	篠山市	35.075661	135.219051
兵庫県	養父市	35.404657	134.767671
兵庫県	丹波市	35.177100	135.035854
兵庫県	南あわじ市	34.294480	134.779855
兵庫県	朝来市	35.339665	134.853150
兵庫県	淡路市	34.439699	134.915016
兵庫県	宍粟市	35.004417	134.549466
兵庫県	加東市	34.918573	134.973381
兵庫県	たつの市	34.857863	134.545360
奈良県	奈良市	34.685087	135.805000
奈良県	大和高田市	34.515046	135.736392
奈良県	大和郡山市	34.649374	135.782755
奈良県	天理市	34.596647	135.837331
奈良県	橿原市	34.509448	135.792626
奈良県	桜井市	34.518714	135.843216
奈良県	五條市	34.352030	135.693632
奈良県	御所市	34.463331	135.740240
奈良県	生駒市	34.691960	135.700536
奈良県	香芝市	34.541256	135.698937
奈良県	葛城市	34.511119	135.706917
奈良県	宇陀市	34.528029	135.952269
和歌山県	和歌山市	34.230511	135.170808
和歌山県	海南市	34.155336	135.209223
和歌山県	橋本市	34.315053	135.605296
和歌山県	有田市	34.083095	135.127635
和歌山県	御坊市	33.891492	135.152346
和歌山県	田辺市	33.728034	135.377768
和歌山県	新宮市	33.724108	135.992955
和歌山県	紀の川市	34.269860	135.362757
和歌山県	岩出市	34.256295	135.311323
鳥取県	鳥取市	35.501133	134.235091
鳥取県	米子市	35.428072	133.330945
鳥取県	倉吉市	35.430179	133.825561
鳥取県	境港市	35.539592	133.231486
島根県	松江市	35.468060	133.048375
島根県	浜田市	34.899303	132.079783
島根県	出雲市	35.367035	132.754682
島根県	益田市	34.674817	131.842862
島根県	大田市	35.192106	132.499293
島根県	安来市	35.431442	133.250915
島根県	江津市	35.011418	132.220930
島根県	雲南市	35.307726	132.900299
岡山県	岡山市	34.644351	133.953009
岡山県	倉敷市	34.585013	133.772084
岡山県	津山市	35.069116	134.004543
岡山県	玉野市	34.491943	133.945987
岡山県	笠岡市	34.507180	133.507441
岡山県	井原市	34.597672	133.463681
岡山県	総社市	34.672807	133.746528
岡山県	高梁市	34.791023	133.616733
岡山県	新見市	34.977030	133.470306
岡山県	備前市	34.745160	134.188044
岡山県	瀬戸内市	34.664887	134.092846
岡山県	赤磐市	34.755388	134.018840
岡山県	真庭市	35.075602	133.752730
岡山県	美作市	35.008588	134.148572
岡山県	浅口市	34.527839	133.584922
広島県	広島市	34.407758	132.463318
広島県	呉市	34.249254	132.565805
広島県	竹原市	34.341794	132.907088
広島県	三原市	34.397433	133.078658
広島県	尾道市	34.408876	133.204889
広島県	福山市	34.485899	133.362313
広島県	府中市	34.568347	133.236321
広島県	三次市	34.805574	132.851674
広島県	庄原市	34.857732	133.017277
広島県	大竹市	34.237977	132.222475
広島県	東広島市	34.426380	132.743307
広島県	廿日市市	34.348258	132.331622
広島県	安芸高田市	34.666307	132.704299
広島県	江田島市	34.223002	132.443855
山口県	下関市	33.957831	130.941459
山口県	宇部市	33.951509	131.246786
山口県	山口市	34.178496	131.473727
山口県	萩市	34.408116	131.399085
山口県	防府市	34.051752	131.562690
山口県	下松市	34.015030	131.870342
山口県	岩国市	34.166562	132.218848
山口県	光市	33.961913	131.942282
山口県	長門市	34.370956	131.182195
山口県	柳井市	33.963833	132.101597
山口県	美祢市	34.166635	131.205678
山口県	周南市	34.055119	131.806186
山口県	山陽小野田市	34.003064	131.181967
徳島県	徳島市	34.070270	134.554844
徳島県	鳴門市	34.172562	134.608786
徳島県	小松島市	34.004711	134.590674
徳島県	阿南市	33.921748	134.659469
徳島県	吉野川市	34.025689	134.259833
徳島県	阿波市	34.102148	134.297437
徳島県	美馬市	34.053403	134.169749
徳島県	三好市	34.026041	133.807263
香川県	高松市	34.342788	134.046574
香川県	丸亀市	34.289506	133.797706
香川県	坂出市	34.316319	133.860510
香川県	善通寺市	34.228533	133.787113
香川県	観音寺市	34.128466	133.662811
香川県	さぬき市	34.325207	134.172120
香川県	東かがわ市	34.243809	134.358743
香川県	三豊市	34.182547	133.715219
愛媛県	松山市	33.839157	132.765575
愛媛県	今治市	34.066098	132.997860
愛媛県	宇和島市	33.223340	132.560557
愛媛県	八幡浜市	33.462898	132.423336
愛媛県	新居浜市	33.960290	133.283351
愛媛県	西条市	33.919511	133.181170
愛媛県	大洲市	33.506194	132.544509
愛媛県	伊予市	33.757429	132.703729
愛媛県	四国中央市	33.980761	133.549195
愛媛県	西予市	33.362620	132.510992
愛媛県	東温市	33.791024	132.872296
高知県	高知市	33.559587	133.529279
高知県	室戸市	33.290009	134.152051
高知県	安芸市	33.502546	133.907166
高知県	南国市	33.575671	133.641460
高知県	土佐市	33.496044	133.425292
高知県	須崎市	33.400745	133.282953
高知県	宿毛市	32.939009	132.726286
高知県	土佐清水市	32.781634	132.954989
高知県	四万十市	32.991384	132.933749
高知県	香南市	33.564171	133.700488
高知県	香美市	33.603719	133.686003
福岡県	北九州市	33.885348	130.847948
福岡県	福岡市	33.585779	130.384720
福岡県	大牟田市	33.030262	130.445985
福岡県	久留米市	33.319287	130.508374
福岡県	直方市	33.744184	130.729633
福岡県	飯塚市	33.645908	130.691511
福岡県	田川市	33.638982	130.806298
福岡県	柳川市	33.163089	130.405753
福岡県	八女市	33.211967	130.557908
福岡県	筑後市	33.212447	130.502093
福岡県	大川市	33.206594	130.383958
福岡県	行橋市	33.728773	130.982967
福岡県	豊前市	33.611511	131.130051
福岡県	中間市	33.816650	130.709077
福岡県	小郡市	33.396416	130.555438
福岡県	筑紫野市	33.496342	130.515657
福岡県	春日市	33.532571	130.470281
福岡県	大野城市	33.536307	130.478641
福岡県	宗像市	33.805431	130.540718
福岡県	太宰府市	33.512799	130.523906
福岡県	古賀市	33.728787	130.469987
福岡県	福津市	33.786866	130.469886
福岡県	うきは市	33.347297	130.754934
福岡県	宮若市	33.723568	130.666694
福岡県	嘉麻市	33.560662	130.766817
福岡県	朝倉市	33.423413	130.665573
福岡県	みやま市	33.152425	130.474720
福岡県	糸島市	33.557320	130.195555
佐賀県	佐賀市	33.263482	130.300858
佐賀県	唐津市	33.450174	129.968134
佐賀県	鳥栖市	33.377755	130.506258
佐賀県	多久市	33.288510	130.110061
佐賀県	伊万里市	33.264586	129.880269
佐賀県	武雄市	33.193749	130.019151
佐賀県	鹿島市	33.103724	130.098769
佐賀県	小城市	33.273665	130.216864
佐賀県	嬉野市	33.128084	130.060114
佐賀県	神埼市	33.310763	130.373060
長崎県	長崎市	32.750286	129.877667
長崎県	佐世保市	33.179915	129.715110
長崎県	島原市	32.788103	130.370286
長崎県	諫早市	32.843438	130.053095
長崎県	大村市	32.900090	129.958142
長崎県	平戸市	33.368062	129.553671
長崎県	松浦市	33.341021	129.709045
長崎県	対馬市	34.202662	129.287490
長崎県	壱岐市	33.749950	129.691352
長崎県	五島市	32.695524	128.840829
長崎県	西海市	32.933067	129.642977
長崎県	雲仙市	32.835197	130.187500
長崎県	南島原市	32.659777	130.297864
熊本県	熊本市	32.795796	130.699418
熊本県	八代市	32.507437	130.601743
熊本県	人吉市	32.210041	130.762554
熊本県	荒尾市	32.986836	130.432959
熊本県	水俣市	32.211880	130.408723
熊本県	玉名市	32.935220	130.562840
熊本県	山鹿市	33.017578	130.691365
熊本県	菊池市	32.979483	130.813333
熊本県	宇土市	32.687385	130.658521
熊本県	上天草市	32.587419	130.430527
熊本県	宇城市	32.647847	130.684365
熊本県	阿蘇市	32.951954	131.120955
熊本県	天草市	32.458635	130.192982
熊本県	合志市	32.885988	130.789707
大分県	大分市	33.239558	131.609272
大分県	別府市	33.284620	131.491214
大分県	中津市	33.598221	131.188325
大分県	日田市	33.321333	130.940966
大分県	佐伯市	32.959806	131.900058
大分県	臼杵市	33.126012	131.805124
大分県	津久見市	33.072183	131.861277
大分県	竹田市	32.973720	131.398002
大分県	豊後高田市	33.557229	131.444624
大分県	杵築市	33.417026	131.616089
大分県	宇佐市	33.531972	131.349545
大分県	豊後大野市	32.977536	131.584133
大分県	由布市	33.180013	131.426856
大分県	国東市	33.565313	131.731674
宮崎県	宮崎市	31.907674	131.420241
宮崎県	都城市	31.719590	131.061621
宮崎県	延岡市	32.582272	131.665009
宮崎県	日南市	31.601932	131.378728
宮崎県	小林市	31.996731	130.972588
宮崎県	日向市	32.422944	131.623965
宮崎県	串間市	31.464539	131.228303
宮崎県	西都市	32.108554	131.401202
宮崎県	えびの市	32.045344	130.810796
鹿児島県	鹿児島市	31.596554	130.557116
鹿児島県	鹿屋市	31.378292	130.852077
鹿児島県	枕崎市	31.272900	130.296904
鹿児島県	阿久根市	32.014470	130.192773
鹿児島県	出水市	32.090572	130.352753
鹿児島県	指宿市	31.252770	130.633031
鹿児島県	西之表市	30.732412	130.996835
鹿児島県	垂水市	31.492734	130.700914
鹿児島県	薩摩川内市	31.813517	130.304244
鹿児島県	日置市	31.633709	130.402425
鹿児島県	曽於市	31.653621	131.019391
鹿児島県	霧島市	31.740899	130.762997
鹿児島県	いちき串木野市	31.714553	130.271929
鹿児島県	南さつま市	31.416612	130.323408
鹿児島県	志布志市	31.495442	131.045336
鹿児島県	奄美市	28.377248	129.493741
鹿児島県	南九州市	31.378262	130.441645
鹿児島県	伊佐市	32.057225	130.613105
鹿児島県	姶良市	31.728228	130.627816
沖縄県	那覇市	26.212312	127.679157
沖縄県	宜野湾市	26.281575	127.778634
沖縄県	石垣市	24.340661	124.155580
沖縄県	浦添市	26.245816	127.721799
沖縄県	名護市	26.591547	127.977316
沖縄県	糸満市	26.123584	127.665815
沖縄県	沖縄市	26.334427	127.805583
沖縄県	豊見城市	26.161006	127.668944
沖縄県	うるま市	26.427062	127.829081
沖縄県	宮古島市	24.805490	125.281149
沖縄県	南城市	26.144452	127.766967
