# name	latitude	longitude
足立山	33.867	130.917
安達太良山	37.617	140.283
会津朝日岳	37.217	139.333
赤岳	35.967	138.367
赤城山	36.550	139.167
赤石岳	35.467	138.150
阿寒富士	43.367	144.000
秋葉山	34.983	137.867
安家森	40.033	141.533
雨ヶ岳	35.433	138.567
天城山	34.867	139.017
雨乞岳	35.017	136.383
雨飾山	36.900	137.967
雨巻山	36.417	140.150
青野山	34.467	131.800
青麻山	38.083	140.600
アポイ岳	42.100	143.033
荒船山	36.217	138.633
荒海山	37.033	139.650
荒川岳	35.500	138.167
荒雄岳	38.833	140.683
荒沢山	41.367	140.917
荒島岳	35.933	136.600
阿佐山	34.783	132.383
旭岳	43.667	142.850
朝日岳	38.267	139.917
朝日岳	36.833	137.733
浅草岳	37.350	139.233
浅間山	36.400	138.517
朝熊ヶ岳	34.467	136.783
浅間隠山	36.450	138.650
芦別岳	43.233	142.283
愛鷹山	35.233	138.800
阿蘇山	32.883	131.083
愛宕山	35.117	139.983
愛宕山	35.067	135.633
当間山	37.017	138.767
阿登佐岳	44.800	147.133
アトサヌプリ	43.617	144.433
粟ヶ岳	37.550	139.183
莇ヶ岳	34.333	131.783
四阿山	36.533	138.417
磐梯山	37.600	140.067
ベルタルベ山	44.467	146.933
別山	36.100	136.767
美瑛岳	43.433	142.700
武甲山	35.950	139.100
武奈ヶ岳	35.267	135.900
屛風岳	38.100	140.483
屛風岳	33.217	129.400
爺爺岳	44.350	146.250
茶臼岳	37.117	139.967
茶臼山	35.233	137.650
散布山	45.333	147.917
鳥海山	39.100	140.050
忠別岳	43.583	142.900
大菩薩嶺	35.750	138.850
大無間山	35.250	138.167
大日岳	37.833	139.667
大日山	36.167	136.500
大日ヶ岳	36.000	136.833
大山	35.367	133.550
大川山	34.117	133.933
大千軒岳	41.583	140.167
大天井岳	36.367	137.700
段ヶ峰	35.183	134.733
達磨山	34.950	138.833
堂平山	36.000	139.183
堂が森	33.167	132.883
道後山	35.067	133.233
恵山	41.800	141.167
烏帽子岳	31.867	130.600
烏帽子岳	39.800	140.833
乳頭山	39.800	140.833
烏帽子山	35.067	133.050
恵那山	35.450	137.600
恵庭岳	42.800	141.283
可愛岳	32.650	131.650
江良岳	41.517	139.367
エサオマントッタベツ岳	42.683	142.750
富士山	35.367	138.733
船形山	38.450	140.617
風不死岳	42.717	141.367
富良野岳	43.400	142.633
古岳	30.433	130.217
両子山	33.583	131.600
二子山	36.067	138.867
二ッ森	40.433	140.117
餓鬼岳	36.450	137.733
月山	38.550	140.033
護摩壇山	34.050	135.567
権現山	35.667	139.017
権現山	32.233	130.033
五龍岳	36.667	137.750
五葉山	39.200	141.733
御在所山	35.017	136.417
葉山	38.533	140.217
鉢伏山	36.167	138.067
八幡岳	41.850	140.233
鉢盛山	36.083	137.750
八郎岳	32.667	129.850
兀岳	35.550	137.700
博士山	37.367	139.717
八海山	37.117	139.017
八高山	34.900	138.050
八甲田山	40.667	140.867
八経ヶ岳	34.167	135.900
函岳	44.667	142.417
函館山	41.767	140.700
箱根山	35.233	139.033
白山	36.167	136.767
白雲岳	43.667	142.900
鼻高山	35.417	132.750
万年山	33.233	131.133
八風山	36.283	138.600
針ノ木岳	36.533	137.683
榛名山	36.483	138.850
階上岳	40.400	141.583
種市岳	40.400	141.583
ハッタオマナイ岳	42.850	142.317
早池峰山	39.567	141.483
速日の峰	32.567	131.467
二子山	32.567	131.467
平家ヶ岳	34.317	131.900
平家岳	35.817	136.717
部子山	35.883	136.433
日山	37.550	140.683
比叡山	35.067	135.833
東吾妻山	37.717	140.233
東太郎山	36.433	138.267
東床尾山	35.417	134.917
東山	36.767	137.967
東山	33.100	139.817
聖岳	35.417	138.150
英彦山	33.483	130.933
姫神山	39.850	141.250
丁岳	39.033	140.217
平ヶ岳	37.000	139.167
蒜山	35.317	133.683
蛭ヶ岳	35.483	139.133
火打山	36.917	138.067
燧ヶ岳	36.950	139.283
宝達山	36.783	136.817
本山	39.900	139.750
鳳凰山	35.700	138.300
蓬莱山	35.217	135.883
鳳来寺山	34.983	137.583
ホロホロ山	42.633	141.150
星ヶ城山	34.517	134.317
穂高岳	36.283	137.650
武尊山	36.800	139.133
甫与志岳	31.267	130.983
百里ヶ岳	35.400	135.817
氷ノ山	35.350	134.517
須賀ノ山	35.350	134.517
伊吹山	35.417	136.400
市房山	32.317	131.100
イドンナップ岳	42.633	142.650
飯豊山	37.850	139.700
飯士山	36.950	138.833
飯森山	37.817	139.933
飯縄山	36.733	138.133
池木屋山	34.317	136.133
生駒山	34.683	135.683
幾春別岳	43.233	142.167
今ノ山	32.850	132.850
稲庭岳	40.200	141.050
硫黄山	44.133	145.167
医王山	36.517	136.800
石狩岳	43.550	143.017
石鎚山	33.767	133.117
一切経山	37.733	140.250
以東岳	38.350	139.850
岩部岳	41.533	140.317
岩木山	40.650	140.300
イワオヌプリ	42.883	140.633
岩菅山	36.750	138.567
岩手山	39.850	141.000
陣馬山	35.650	139.167
甚吉森	33.700	134.117
地蔵岳	36.617	139.467
城峯山	36.100	139.000
常念岳	36.333	137.733
加波山	36.300	140.150
角山	32.400	130.100
開聞岳	31.183	130.533
釜臥山	41.283	141.117
釜無山	35.850	138.183
瓶ヶ森	33.800	133.200
神山	35.233	139.017
神威岳	45.517	148.800
神威岳	42.433	142.900
カムイヌプリ	43.567	144.550
神威山	42.167	139.450
カムイエクウチカウシ山	42.633	142.767
冠着山	36.467	138.100
姨捨山	36.467	138.100
神室山	38.900	140.500
鹿嵐山	33.433	131.250
金津山	41.100	141.333
金川岳	28.217	129.433
冠山	35.783	136.417
冠山	34.467	132.083
鹿野山	35.250	139.967
香ノ木山	34.600	129.400
寒風山	39.933	139.883
韓国岳	31.933	130.867
唐松岳	36.683	137.750
狩場山	42.617	139.933
笠ヶ岳	36.317	137.550
笠置山	35.517	137.350
笠取山	34.733	136.300
笠取山	33.550	132.917
鹿島槍ヶ岳	36.633	137.750
迦葉山	36.767	139.067
傾山	32.833	131.483
葛城山	34.350	135.433
河内岳	37.217	136.817
茅ヶ岳	35.800	138.517
毛勝山	36.700	137.583
毛無山	35.233	133.517
袈裟丸山	36.633	139.333
金峰山	32.817	130.633
金北山	38.100	138.350
金峰山	35.867	138.633
金時山	35.283	139.000
鬼怒沼山	36.883	139.367
霧島山	31.917	130.883
北岳	35.667	138.233
北見富士	44.000	143.133
北見富士	43.700	143.300
喜登牛山	43.450	143.450
屹兎屋山	37.217	140.867
清澄山	35.167	140.150
甲武信ヶ岳	35.917	138.733
国師ヶ岳	35.867	138.667
駒ヶ岳	39.750	140.800
駒ヶ岳	42.067	140.683
駒ヶ岳	40.417	140.250
駒ヶ岳	39.200	140.917
駒ヶ岳	37.050	139.350
駒ヶ岳	37.117	139.083
駒ヶ岳	35.750	138.233
駒ヶ岳	35.783	137.800
古見岳	24.367	123.883
昆布岳	42.717	140.650
金剛山	34.417	135.667
金剛堂山	36.383	137.050
高社山	36.800	138.400
高井富士	36.800	138.400
庚申山	36.667	139.367
琴引山	35.050	132.783
弥山	35.050	132.783
琴平山	34.183	133.800
象頭山	34.183	133.800
高越山	34.017	134.200
工石山	33.850	133.583
工石山	33.667	133.500
久慈平岳	40.350	141.617
久住山	33.083	131.233
雲早山	33.900	134.300
雲取山	35.850	138.950
国見岳	36.083	136.083
国見岳	32.550	131.017
国見山	33.233	129.817
国見山	32.183	130.617
久能山	34.967	138.467
倉岳	32.433	130.333
位山	36.033	137.200
鞍馬山	35.117	135.767
栗子山	37.867	140.267
栗駒山	38.967	140.783
黒姫山	36.817	138.133
黒姫山	36.983	137.783
黒髪山	33.217	129.900
黒森山	39.917	141.717
倶留尊山	34.533	136.167
車山	36.100	138.200
狗留孫山	34.217	130.983
櫛ヶ峰	40.600	140.850
櫛形山	35.583	138.367
経ヶ岳	36.050	136.617
経ヶ岳	32.983	130.083
経ヶ岳	35.917	137.867
経読岳	33.517	131.033
斑尾山	36.833	138.267
前岳	29.967	129.933
真昼岳	39.450	140.683
枕木山	35.533	133.117
丸山	43.417	143.033
摩耶山	34.733	135.200
雌阿寒岳	43.383	144.017
芽室岳	42.867	142.783
弥山	34.283	132.317
三原山	34.733	139.400
未丈ヶ岳	37.183	139.183
御神楽岳	37.517	139.433
三国山	43.600	143.150
三国山	36.767	138.833
三国山	35.983	138.717
三室山	35.233	134.467
身延山	35.400	138.417
御坂山	35.567	138.767
三頭山	35.733	139.017
三俣蓮華岳	36.383	137.583
三ツ峠山	35.550	138.817
宮之浦岳	30.333	130.500
宮塚山	34.517	139.283
瑞牆山	35.900	138.600
藻岩山	43.017	141.317
設計山	41.933	140.483
藻琴山	43.700	144.333
物見山	39.200	141.400
物見山	36.250	138.600
森吉山	39.983	140.550
諸塚山	32.633	131.283
本白根山	36.617	138.533
茂世路岳	45.383	148.833
無意根山	42.933	141.033
武利岳	43.733	143.183
室根山	38.983	141.450
妙義山	36.283	138.750
明神山	33.583	133.050
明神ヶ岳	35.283	139.050
妙見山	35.417	134.650
妙高山	36.900	138.117
鍋倉山	36.983	138.383
那智山	33.683	135.883
苗場山	36.850	138.683
那岐山	35.167	134.183
中岳	40.250	140.950
中岳	33.083	131.250
中ノ岳	37.083	139.083
中津峰山	33.967	134.517
七時雨山	40.067	141.117
七ッ岳	41.617	140.217
男体山	36.717	140.417
男体山	36.767	139.483
那須岳	37.117	139.967
根子岳	32.883	131.150
日本平山	37.617	139.350
二王子岳	37.900	139.500
ニペソツ山	43.450	143.033
ニセイカウシュッペ山	43.783	142.983
ニセコアンヌプリ	42.883	140.667
西山	33.133	139.767
西吾妻山	37.733	140.133
西単冠山	44.833	147.350
西クマネシリ岳	43.517	143.233
西御荷鉾山	36.150	138.917
能郷白山	35.767	136.517
権現山	35.767	136.517
野口五郎岳	36.433	137.633
仰烏帽子山	32.367	130.783
鋸山	37.400	138.933
鋸山	35.167	139.833
野間岳	31.400	130.150
野根山	33.483	134.167
乗鞍岳	36.100	137.550
野呂山	34.267	132.683
農鳥岳	35.617	138.233
糠平山	42.783	142.500
貫気別山	42.650	142.483
布部岳	43.300	142.283
女峰山	36.817	139.533
入笠山	35.900	138.167
御岳	29.650	129.717
尾岳	31.717	129.733
御山	33.867	139.600
雄山	34.083	139.533
雄阿寒岳	43.450	144.167
伯母子岳	34.083	135.650
帯広岳	42.750	142.900
大地山	37.967	138.483
大台ヶ原山	34.183	136.083
大岳山	35.767	139.133
小田萌山	45.033	147.917
大江山	35.450	135.100
大江高山	35.067	132.433
男鹿岳	37.083	139.817
王ヶ頭	36.233	138.100
扇山	35.633	139.017
扇ノ山	35.433	134.433
御座山	36.033	138.600
御鼻部山	40.517	140.883
大平山	34.333	133.950
笈ヶ岳	36.300	136.800
大崩山	32.733	131.517
大倉山	35.133	133.350
奥三界岳	35.683	137.500
大峰山	36.733	138.933
大森岳	32.083	131.150
大森山	38.867	141.450
面白山	38.350	140.517
於茂登岳	24.433	124.183
大室山	35.517	139.067
大室山	34.900	139.100
御岳	29.867	129.850
御岳	31.600	130.650
北岳	31.600	130.650
オンアネノボリ山	44.633	147.150
遠音別岳	44.000	145.017
御嶽山	35.900	137.467
折爪岳	40.267	141.367
オロフレ山	42.567	141.083
大佐山	34.750	132.200
恐羅漢山	34.600	132.133
恐山	41.317	141.067
尾鈴山	32.300	131.433
大滝根山	37.350	140.700
大塔山	33.733	135.717
乙部岳	42.033	140.267
御月山	40.033	141.033
大山	35.433	139.233
大万木山	35.083	132.850
大尽山	41.300	141.067
パンケ山	44.850	142.150
ペテガリ岳	42.500	142.867
ピンネシリ	43.500	142.700
ピリガイ山	42.433	142.800
ピリカヌプリ	42.400	142.967
ピッシリ山	44.350	142.033
ピヤシリ山	44.433	142.583
本倶登山	42.950	140.917
ポロヌプリ山	44.967	142.417
幌尻岳	42.717	142.683
幌尻山	45.167	142.017
雷電山	42.900	140.467
楽古岳	42.267	143.117
羅臼岳	44.083	145.117
羅臼山	43.983	145.733
利尻山	45.183	141.233
六甲山	34.783	135.267
ルルイ岳	44.450	146.133
霊山	37.767	140.683
両神山	36.017	138.833
霊仙山	35.283	136.383
竜ヶ岳	35.117	136.450
竜爪山	35.083	138.400
佐武流山	36.767	138.667
堺ノ神岳	39.750	141.633
猿投山	35.200	137.167
三瓶山	35.133	132.633
三本槍岳	37.150	139.967
山上ヶ岳	34.250	135.933
三嶺	33.833	133.983
札幌岳	42.900	141.200
笹山	35.267	138.283
篠山	33.050	132.667
笹ヶ峰	33.833	133.267
指臼山	45.100	148.017
脊振山	33.433	130.367
石動山	36.967	136.967
仙丈ヶ岳	35.717	138.183
船通山	35.150	133.183
釈迦岳	33.183	130.883
釈迦ヶ岳	34.117	135.900
斜里岳	43.767	144.717
蘂取岳	45.400	148.583
標津岳	43.667	144.700
紫尾山	31.983	130.367
至仏山	36.900	139.167
七面山	35.367	138.350
新保岳	38.367	139.517
塩見岳	35.567	138.183
白髪岳	32.450	130.817
白髪岳	32.150	130.950
白旗山	34.900	134.383
白猪山	34.500	136.400
白岩岳	39.583	140.700
白神岳	40.500	140.017
白根山	36.800	139.383
白根山	36.650	138.533
白根三山	35.650	138.233
白砂山	36.733	138.700
白鷹山	38.217	140.167
知床岳	44.233	145.267
尻別岳	42.767	140.917
白木峰	36.417	137.117
白馬岳	36.767	137.767
暑寒別岳	43.717	141.517
渚滑岳	44.033	142.917
昭和新山	42.550	140.867
酒呑童子山	33.100	130.917
蕎麦粒山	35.133	138.033
祖母山	32.833	131.350
守門岳	37.400	139.133
束稲山	39.017	141.183
太平山	39.800	140.317
大観峰	33.000	131.067
太鼓山	35.700	135.200
大船山	33.100	131.283
大雪山	43.633	142.900
高千穂峰	31.883	130.917
高岳	32.883	131.100
高滝森	39.517	141.767
高原山	36.900	139.767
高千穂野	32.783	131.067
高隈山	31.467	130.817
高見山	34.433	136.083
高縄山	33.950	132.850
鷹ノ巣山	35.833	139.017
鷹ノ巣山	35.150	137.500
鷹ノ巣山	34.567	132.750
高尾山	35.633	139.250
高清水山	36.483	136.950
高鈴山	36.617	140.583
鷹取山	33.300	130.717
高妻山	36.800	138.050
武山	35.217	139.650
武石峰	36.250	138.083
玉置山	33.933	135.833
谷川岳	36.833	138.933
丹沢山	35.467	139.167
多良岳	32.983	130.100
太郎山	36.817	139.483
樽前山	42.683	141.383
田代岳	40.433	140.417
立山	36.583	137.617
蓼科山	36.100	138.300
手稲山	43.083	141.200
光岳	35.333	138.083
天山	33.333	130.150
天塩岳	43.967	142.883
戸隠山	36.767	138.067
十勝岳	43.417	142.683
トマム山	43.083	142.600
泊山	43.850	145.500
トムラウシ山	43.533	142.850
鳥甲山	36.833	138.583
鷲子山	36.700	140.233
遠島山	40.017	141.650
戸蔦別岳	42.733	142.700
豊似岳	42.083	143.233
燕岳	36.400	137.717
筑波山	36.233	140.100
剱岳	36.617	137.617
剣山	33.850	134.100
鶴見岳	33.283	131.433
ウエンシリ岳	44.233	142.883
ウコタキヌプリ	43.217	143.800
海別岳	43.883	144.883
雲辺寺山	34.033	133.717
雲仙岳	32.767	130.300
ウペペサンケ山	43.383	143.083
牛廻山	33.950	135.633
有珠山	42.550	140.833
欝岳	44.300	143.083
空木岳	35.717	137.817
和賀岳	39.567	140.750
涌蓋山	33.133	131.167
鰐塚山	31.767	131.267
鷲ヶ巣山	38.217	139.667
鷲ヶ岳	35.933	136.967
八重岳	26.633	127.933
八重山	31.733	130.450
矢筈岳	32.117	130.400
弥彦山	37.700	138.817
八方ヶ岳	33.067	130.833
焼岳	36.233	137.583
焼山	39.967	140.750
焼山	36.917	138.033
焼石岳	39.167	140.833
焼山	45.017	147.867
薬師岳	36.467	137.550
八溝山	36.933	140.267
ヤオロマップ岳	42.550	142.833
槍ヶ岳	36.350	137.650
鑓ヶ岳	36.733	137.750
安満岳	33.333	129.467
矢立山	34.183	129.233
八ヶ岳	35.967	138.367
余別岳	43.267	140.467
余市岳	43.033	141.017
横岳	36.083	138.317
横手山	36.667	138.533
横津岳	41.933	140.767
蓬田岳	37.267	140.533
与那覇岳	26.717	128.217
米山	37.283	138.483
吉野山	34.350	135.883
羊蹄山	42.833	140.800
夕張岳	43.100	142.250
湯殿山	38.533	139.983
由布岳	33.283	131.383
豊後富士	33.283	131.383
遊楽部岳	42.217	140.017
見市岳	42.217	140.017
湯湾岳	28.300	129.317
諭鶴羽山	34.233	134.817
蔵王山	38.133	140.450
蔵王山	38.133	140.450
笊ヶ岳	35.417	138.267
